flywire_id,cell_type,side,role
720575940603949024,LC10a,left,eye
720575940604389054,LC10a,left,eye
720575940605072742,LC10a,left,eye
720575940605426609,LC10a,left,eye
720575940606114732,LC10a,left,eye
720575940607272715,LC10a,left,eye
720575940607520777,LC10a,left,eye
720575940609956558,LC10a,left,eye
720575940610227162,LC10a,left,eye
720575940610369230,LC10a,left,eye
720575940610429282,LC10a,left,eye
720575940610506872,LC10a,left,eye
720575940611121557,LC10a,left,eye
720575940611298995,LC10a,left,eye
720575940611628786,LC10a,left,eye
720575940611711461,LC10a,left,eye
720575940612845973,LC10a,left,eye
720575940613771743,LC10a,left,eye
720575940614697183,LC10a,left,eye
720575940614918924,LC10a,left,eye
720575940614977959,LC10a,left,eye
720575940615858747,LC10a,left,eye
720575940616796121,LC10a,left,eye
720575940617228573,LC10a,left,eye
720575940617498708,LC10a,left,eye
720575940617879710,LC10a,left,eye
720575940618287307,LC10a,left,eye
720575940618606040,LC10a,left,eye
720575940619009195,LC10a,left,eye
720575940619116885,LC10a,left,eye
720575940619257536,LC10a,left,eye
720575940619341806,LC10a,left,eye
720575940619921524,LC10a,left,eye
720575940619973185,LC10a,left,eye
720575940620293848,LC10a,left,eye
720575940620644437,LC10a,left,eye
720575940620778623,LC10a,left,eye
720575940620884756,LC10a,left,eye
720575940620967194,LC10a,left,eye
720575940621189214,LC10a,left,eye
720575940621201279,LC10a,left,eye
720575940621436581,LC10a,left,eye
720575940621543789,LC10a,left,eye
720575940621780104,LC10a,left,eye
720575940621949350,LC10a,left,eye
720575940622052301,LC10a,left,eye
720575940622127856,LC10a,left,eye
720575940622184072,LC10a,left,eye
720575940623174152,LC10a,left,eye
720575940623350453,LC10a,left,eye
720575940623622899,LC10a,left,eye
720575940623751861,LC10a,left,eye
720575940624055559,LC10a,left,eye
720575940624367401,LC10a,left,eye
720575940625415452,LC10a,left,eye
720575940625588412,LC10a,left,eye
720575940625762050,LC10a,left,eye
720575940625781946,LC10a,left,eye
720575940626062681,LC10a,left,eye
720575940626115965,LC10a,left,eye
720575940626683218,LC10a,left,eye
720575940626812715,LC10a,left,eye
720575940626903829,LC10a,left,eye
720575940627095177,LC10a,left,eye
720575940627265223,LC10a,left,eye
720575940627371599,LC10a,left,eye
720575940627428907,LC10a,left,eye
720575940627475203,LC10a,left,eye
720575940627575825,LC10a,left,eye
720575940627692677,LC10a,left,eye
720575940627743833,LC10a,left,eye
720575940627975952,LC10a,left,eye
720575940628137319,LC10a,left,eye
720575940628553515,LC10a,left,eye
720575940628786908,LC10a,left,eye
720575940629120503,LC10a,left,eye
720575940629291063,LC10a,left,eye
720575940629568300,LC10a,left,eye
720575940629665989,LC10a,left,eye
720575940629767418,LC10a,left,eye
720575940629852239,LC10a,left,eye
720575940629948163,LC10a,left,eye
720575940629993167,LC10a,left,eye
720575940630272343,LC10a,left,eye
720575940630545483,LC10a,left,eye
720575940630584151,LC10a,left,eye
720575940630727388,LC10a,left,eye
720575940630905047,LC10a,left,eye
720575940631195217,LC10a,left,eye
720575940631293324,LC10a,left,eye
720575940631316840,LC10a,left,eye
720575940631381575,LC10a,left,eye
720575940631982929,LC10a,left,eye
720575940631983185,LC10a,left,eye
720575940632315695,LC10a,left,eye
720575940632415800,LC10a,left,eye
720575940632533843,LC10a,left,eye
720575940632889145,LC10a,left,eye
720575940633179543,LC10a,left,eye
720575940633188121,LC10a,left,eye
720575940633190169,LC10a,left,eye
720575940634276532,LC10a,left,eye
720575940634955631,LC10a,left,eye
720575940635460270,LC10a,left,eye
720575940636563630,LC10a,left,eye
720575940636651768,LC10a,left,eye
720575940638145651,LC10a,left,eye
720575940638285109,LC10a,left,eye
720575940638614244,LC10a,left,eye
720575940640847835,LC10a,left,eye
720575940643991319,LC10a,left,eye
720575940646649220,LC10a,left,eye
720575940648420996,LC10a,left,eye
720575940648669828,LC10a,left,eye
720575940648731513,LC10a,left,eye
720575940606099586,LC10a,right,eye
720575940607548683,LC10a,right,eye
720575940610131093,LC10a,right,eye
720575940610501093,LC10a,right,eye
720575940611275310,LC10a,right,eye
720575940611623859,LC10a,right,eye
720575940612236241,LC10a,right,eye
720575940612499662,LC10a,right,eye
720575940613183272,LC10a,right,eye
720575940613429782,LC10a,right,eye
720575940613561868,LC10a,right,eye
720575940613866346,LC10a,right,eye
720575940614919878,LC10a,right,eye
720575940615044136,LC10a,right,eye
720575940615377319,LC10a,right,eye
720575940615833574,LC10a,right,eye
720575940615834086,LC10a,right,eye
720575940616088991,LC10a,right,eye
720575940616337181,LC10a,right,eye
720575940616393053,LC10a,right,eye
720575940616541341,LC10a,right,eye
720575940616794585,LC10a,right,eye
720575940617102715,LC10a,right,eye
720575940617424468,LC10a,right,eye
720575940617514397,LC10a,right,eye
720575940618511773,LC10a,right,eye
720575940618567425,LC10a,right,eye
720575940619169901,LC10a,right,eye
720575940619187648,LC10a,right,eye
720575940619249061,LC10a,right,eye
720575940619700859,LC10a,right,eye
720575940620174708,LC10a,right,eye
720575940620720112,LC10a,right,eye
720575940620764660,LC10a,right,eye
720575940621086157,LC10a,right,eye
720575940621183587,LC10a,right,eye
720575940621204417,LC10a,right,eye
720575940621365417,LC10a,right,eye
720575940621562918,LC10a,right,eye
720575940621710826,LC10a,right,eye
720575940621827789,LC10a,right,eye
720575940622187329,LC10a,right,eye
720575940622240355,LC10a,right,eye
720575940622320637,LC10a,right,eye
720575940622366448,LC10a,right,eye
720575940622584816,LC10a,right,eye
720575940622655709,LC10a,right,eye
720575940622917876,LC10a,right,eye
720575940622950663,LC10a,right,eye
720575940623082237,LC10a,right,eye
720575940623190089,LC10a,right,eye
720575940623212988,LC10a,right,eye
720575940623255369,LC10a,right,eye
720575940623448078,LC10a,right,eye
720575940623541718,LC10a,right,eye
720575940624008376,LC10a,right,eye
720575940624013606,LC10a,right,eye
720575940624186407,LC10a,right,eye
720575940624387978,LC10a,right,eye
720575940624488781,LC10a,right,eye
720575940624811664,LC10a,right,eye
720575940624838899,LC10a,right,eye
720575940624962341,LC10a,right,eye
720575940625246845,LC10a,right,eye
720575940625442306,LC10a,right,eye
720575940625465487,LC10a,right,eye
720575940625500956,LC10a,right,eye
720575940625893834,LC10a,right,eye
720575940626008153,LC10a,right,eye
720575940626039129,LC10a,right,eye
720575940626470226,LC10a,right,eye
720575940626474377,LC10a,right,eye
720575940626505349,LC10a,right,eye
720575940626779048,LC10a,right,eye
720575940627252154,LC10a,right,eye
720575940627400522,LC10a,right,eye
720575940627454193,LC10a,right,eye
720575940627676798,LC10a,right,eye
720575940627804265,LC10a,right,eye
720575940628687354,LC10a,right,eye
720575940628895232,LC10a,right,eye
720575940629188140,LC10a,right,eye
720575940629495631,LC10a,right,eye
720575940629669531,LC10a,right,eye
720575940629817849,LC10a,right,eye
720575940629856312,LC10a,right,eye
720575940629985849,LC10a,right,eye
720575940630160325,LC10a,right,eye
720575940630500394,LC10a,right,eye
720575940630879274,LC10a,right,eye
720575940631187048,LC10a,right,eye
720575940631264140,LC10a,right,eye
720575940631963300,LC10a,right,eye
720575940632125154,LC10a,right,eye
720575940632871905,LC10a,right,eye
720575940634156655,LC10a,right,eye
720575940634433887,LC10a,right,eye
720575940634599269,LC10a,right,eye
720575940635081579,LC10a,right,eye
720575940635263383,LC10a,right,eye
720575940635484517,LC10a,right,eye
720575940636234473,LC10a,right,eye
720575940636302143,LC10a,right,eye
720575940636772318,LC10a,right,eye
720575940637344590,LC10a,right,eye
720575940638271677,LC10a,right,eye
720575940638910296,LC10a,right,eye
720575940639057240,LC10a,right,eye
720575940639485824,LC10a,right,eye
720575940639702581,LC10a,right,eye
720575940641260160,LC10a,right,eye
720575940643207191,LC10a,right,eye
720575940644133911,LC10a,right,eye
720575940645077527,LC10a,right,eye
720575940645190510,LC10a,right,eye
720575940645603095,LC10a,right,eye
720575940648939897,LC10a,right,eye
720575940650450934,LC10a,right,eye
720575940658842753,LC10a,right,eye
720575940627787609,DNa01,left,steering
720575940644438551,DNa01,right,steering
720575940629327659,DNa02,left,steering
720575940604737708,DNa02,right,steering
